,environment_score,social_score,governance_score
0,530.3064935064941,322.70129870129887,300.86233766233755
1,224.2311320754717,229.41981132075495,238.02358490566027
2,324.52,304.63199999999995,279.784
