,environment_score,social_score,governance_score
0,617.8035714285713,381.1071428571429,318.94642857142856
1,225.87417218542998,224.71523178807965,213.47019867549653
2,226.89610389610365,251.75324675324669,301.7662337662337
3,334.2037037037038,307.1111111111111,274.6666666666667
4,515.1545454545453,312.5121212121213,297.79090909090905
